{
  "to_pandas": 0.5442030750073172,
  "datetime_conversion": 2.8931989899938344,
  "row_processing": 265.09559129099216
}